pmid,title,abstract
42420747,Revealing the dynamics of follicular T cells and checkpoint engagement in surgically resected colorectal cancer and their relations to clinicopathological aspects.,"Follicular T cells contribute to B-cell responses and antitumor immunity, yet their immune checkpoint expression and role in colorectal cancer (CRC) remain insufficiently characterized. We evaluated the distribution, activation status, and checkpoint expression of follicular helper and follicular cytotoxic T-cell subsets (Tfh and Tfc) in CRC patients and their association with clinicopathological features. Thirty-three CRC patients and 25 healthy controls were recruited from South Egypt Cancer Institute, Assiut University. Flow cytometry was used to assess follicular T-cell subsets and their expression of inducible T-cell costimulatory (ICOS), T-cell immunoreceptor with Ig and ITIM domains (TIGIT) and V-domain Ig Suppressor of T-cell Activation (VISTA). Tfh and Tfc cells were significantly increased in peripheral blood of CRC patients compared with controls (p < 0.001 and p = 0.006, respectively). Their frequencies were higher in tumor-infiltrating lymphocytes (TILs) than in normal colonic tissue (p = 0.002 and p < 0.001) and peripheral blood (p < 0.001). Their ICOS expression was significantly elevated in patients' blood (p = 0.008 and p = 0.04) and highest in TIL (p = 0.02) compared to the normal tissue and peripheral blood of patients (p < 0.001). TIGIT⁺VISTA⁺ follicular T-cell subsets were significantly expanded in the peripheral blood of patients, with peak expression in TILs (p < 0.001). Follicular T cells are enriched and highly activated in CRC, particularly within the tumor microenvironment. The predominance of TIGIT "
42420628,Proteomic characterization of SMARCA-deficient esophageal adenocarcinoma reveals complement evasion and DNA repair-associated prognostic subgroups.,"Oesophageal adenocarcinoma (EAC) is an aggressive malignancy in which the SWI/SNF catalytic subunits SMARCA2 and SMARCA4 are frequently lost, yet the biological and clinical impact of these deficiencies remains unclear. We analysed 113 EAC specimens using mass spectrometry-based proteomics, including 89 SMARCA-deficient and 24 SMARCA-proficient tumours. Additional immunohistochemical studies were conducted on 98 cases. Differential expression, pathway enrichment, and survival analyses were used to characterise proteomic alterations and identify prognostic features. SMARCA-deficient tumours showed frequent expression of complement-inactivating proteins CD55 and CD59 with distinctive apical and membranous localisation. SMARCA4-deficient patients had significantly poorer survival than both SMARCA2-deficient and SMARCA-proficient patients. Among neoadjuvantly treated SMARCA-deficient tumours, coordinated upregulation of DNA repair proteins separated patients into two prognostic subgroups. The DNA repair-low subgroup had markedly worse survival than both the DNA repair-high subgroup and SMARCA-proficient controls, whereas the DNA repair-high subgroup showed a trend toward improved outcomes. This DNA repair-associated pattern was not observed in neoadjuvantly treated SMARCA-proficient tumours. SMARCA-deficient EAC comprises biologically distinct subgroups with prognostic proteomic signatures. CD55 and CD59 expression may contribute to resistance to antibody-based immunotherapies by complement evasion, while DNA repair profiles could guide post-surgical treatment in neoadjuvantly treated patients. "
42420596,Dendritic cell diversity and dysfunction in cancer: implications for immunotherapy and therapeutic targeting.,"Dendritic cells (DCs) comprise a heterogeneous population of specialized antigen-presenting cells that play central roles in the initiation and coordination of innate and adaptive immune responses. Recent advances in single-cell technologies and mechanistic studies have substantially expanded our understanding of DC subset heterogeneity, developmental trajectories, and functional specialization. Within the tumor microenvironment (TME), DCs are essential for the priming and maintenance of antitumor T cell immunity; however, they are also vulnerable to tumor-derived signals that drive dysfunction. Increasing evidence indicates that the functional status of DCs critically influences responsiveness to immunotherapies, particularly immune checkpoint blockade (ICB). Accordingly, therapeutic strategies aimed at restoring or enhancing DC function have emerged as promising approaches for the induction of durable antitumor immunity. In this review, we outline recent insights into DC subset diversity and functional states, discuss the consequences of DC dysfunction in cancer, and highlight emerging DC-centered therapeutic strategies for cancer immunotherapy. "
42420568,Tumor immune cell targeting chimeras reprogram tumor-associated macrophages.,"Immune cells in the tumor microenvironment are not only powerful regulators of immunosuppression and tumorigenesis but also a dominant cell population, with tumor-associated macrophages (TAMs) comprising up to 50% solid tumor mass. Immunotherapies such as immune checkpoint inhibitors derive efficacy from this cancer-immune interface; however, immune-related adverse events from systemic blockade remain a major challenge. To address this need for potent, tumor-specific immunotherapies, we developed tumor immune cell targeting chimeras (TICTACs) that selectively deplete immune checkpoint receptors such as SIRPα from TAM surfaces. These chimeras consist of a synthetic ligand targeting CD206, a TAM marker, conjugated to a nonblocking antibody that binds to the checkpoint receptor without inhibiting it. By engaging CD206, which constitutively recycles between the plasma membrane and early endosomes, TICTACs drive robust checkpoint degradation in CD206 "
42420462,Diet-microbiome synergy underlies obesity-associated immunotherapy efficacy.,"Physiological host factors, such as the gut microbiome and obesity, independently influence anti-tumour immunity and responses to immune checkpoint inhibitors (ICIs) "
42420213,Ineffectiveness of immune checkpoint inhibitors in prostate cancer: is it just a question of '-mabs'?,"Prostate cancer (PCa) is the second most common type of neoplasm, currently treated with a variety of therapeutic agents. Although advances in treatment over the past decade have improved overall survival, patients with advanced PCa eventually progress from hormone-sensitive PCa to metastatic castration-resistant PCa. For this reason, other therapeutic strategies, including immunotherapy, are being investigated. Despite initial enthusiasm, these approaches have not yet produced significant improvements in either progression free survival or overall survival. Several factors may have contributed to the consistently disappointing results of immune checkpoint inhibitors in PCa, despite their more successful results in other tumor types. In this review, we discuss the potential reasons for these disappointing clinical results. © 2026 The Author(s). The Journal of Pathology published by John Wiley & Sons Ltd on behalf of The Pathological Society of Great Britain and Ireland. "
42420181,Investigating the Role of Anti-Leukemia Inhibitory Factor Antibody on Cytokine Profile in a Mouse Model of Breast Cancer.,"Leukemia inhibitory factor (LIF), a member of the IL-6 cytokine family, is increasingly recognized as a tumor-promoting factor in breast cancer, where it contributes to immune suppression, tumor progression, and therapy resistance. While neutralizing LIF is an attractive therapeutic approach, little is known about the systemic immunological consequences of targeting this cytokine. AIMSَ: This study aimed to evaluate the effects of active immunization against recombinant LIF protein-designed to elicit endogenous anti-LIF antibodies-on tumor progression and systemic cytokine responses in a murine breast cancer model. Female BALB/c mice were immunized with recombinant LIF protein emulsified in Freund's adjuvant to induce anti-LIF antibodies. Tumors were subsequently established by subcutaneous injection of 4T1 breast cancer cells after antibody titers were confirmed. Serum cytokine levels (IFN-γ, TNF-α, IL-6, IL-10, IL-4, and TGF-β) were measured by ELISA, and tumor growth was monitored. Active immunization against LIF significantly inhibited tumor growth compared to controls. Serum analysis revealed that anti-LIF immunization systemically suppressed tumor-induced IL-10 while significantly enhancing IFN-γ levels in tumor-bearing mice. In contrast, IL-4 reduction was only significant in the absence of tumor challenge, and TNF-α levels were generally reduced by the presence of the tumor regardless of immunization. Our findings suggest that vaccination against LIF can induce endogenous anti-LIF antibody responses, limit tumor progression, and selectively modulate systemic cytokine profiles, particularly through suppression of tumor-induced IL-10 together with enhanced IFN-γ responses in tumor-bearing mice. These findings support further investigation of LIF-targeted immunization as a potential immunotherapeutic strategy in breast cancer. "
42420156,MRI-based Response Assessment of Neoadjuvant Systemic Immunotherapy in Muscle-invasive Bladder Cancer: An Analysis of Inter-radiologist Variability and Diagnostic Accuracy in three Prospective Clinical Trials.,"For patients with muscle-invasive bladder cancer (MIBC), accurate assessment of neoadjuvant therapy response may allow for bladder-sparing strategies, emphasizing the need for accurate, noninvasive response assessment. Multi-parametric magnetic resonance imaging (mpMRI) has emerged as a promising imaging modality, but its reproducibility and diagnostic performance following neoadjuvant immunotherapy remain underexplored. We analyzed data from 115 patients across three prospective trials (NABUCCO, TURANDOT, and PURE-01). Patients underwent mpMRI after transurethral resection of bladder tumor and before neoadjuvant immunotherapy, and after neoadjuvant immunotherapy prior to radical cystectomy. Multiple radiologists assessed the radiological response using qualitative (AJCC Staging, nacVI-RADS, Visual Response, and RECIST 1.1) and quantitative (diameter, volumetric) criteria. Using Fleiss' kappa, Krippendorff's alpha, and intraclass-correlation coefficient (ICC), we assessed inter-radiologist variability. ROC-AUC (Receiver operator characteristic-area under the curve) assessed the diagnostic accuracy for pathological complete response (pCR) of the primary tumor, with correlations explored for circulating tumor (ctDNA) and tumor cell density. Visual assessment demonstrated high inter-radiologist agreement among qualitative methods (α = 0.79, 95% CI: [0.68-0.87]), while semi-automatic volumetric analysis showed high reproducibility and accuracy quantitatively (ICC = 0.93, 95% CI: [0.83-0.95], AUC = 0.8-0.98). Volumetric measurements showed moderate correlation with ctDNA and tumor cell density. All methods exhibited strong predictive performance for pCR, but longitudinal volume changes showed a good combination of reproducibility and accuracy. Semi-automatic volumetric mpMRI assessment is a reproducible and accurate tool for evaluating local response to neoadjuvant immunotherapy in MIBC. Despite focusing on the primary tumor, these findings support its potential as an imaging biomarker and foundation for future response criteria. However, confirming its role in clinical decision-making requires prospective validation. "
42419997,[Balancing efficacy and cost in multiple myeloma immunotherapy: rethinking treatment strategies from a sustainability perspective].,"The prognosis of multiple myeloma (MM) has improved dramatically over the past two decades with the introduction of proteasome inhibitors, immunomodulatory drugs, anti-CD38 monoclonal antibodies, and, more recently, immune-based therapies such as chimeric antigen receptor (CAR) T-cell therapy and bispecific antibodies. Quadruplet regimens are now used in the frontline setting, enabling deeper responses and long-term survival, and even making functional cure a realistic goal for some patients. Nevertheless, MM remains a relapsing disease, and outcomes of triple-class-exposed (TCE) patients are still poor. While novel immunotherapies have significantly improved outcomes in relapsed or refractory MM, their extremely high costs may threaten the sustainability of healthcare systems, particularly in countries with universal health coverage, such as Japan. Cost-effectiveness analysis (CEA) using quality-adjusted life years (QALYs) provides a quantitative framework to evaluate the value of high-cost therapies. In this review, we summarize recent advances in immunotherapy for MM and discuss the cost-effectiveness of these therapies based on clinical trials, real-world data, and modeling studies. We also present our own analyses of daratumumab-based quadruplet induction and anti-BCMA CAR-T therapy. Finally, we discuss future strategies to balance innovation and sustainability, including patient selection, subgroup-based treatment optimization, and minimal residual disease-guided treatment discontinuation. "
42419996,[Current state and key challenges of immune and cell therapy for multiple myeloma in Japan].,"Treatment of relapsed or refractory multiple myeloma (MM) has advanced substantially with the introduction of chimeric antigen receptor T-cell (CAR-T) therapy and bispecific antibody therapy targeting B-cell maturation antigen (BCMA). CAR-T therapy induces high complete response rates and deep minimal residual disease negativity after a single infusion. In a subset of patients, remission persists beyond completion of therapy, making treatment-free intervals an achievable therapeutic objective in MM. In contrast, BCMA-directed bispecific antibody therapy can be administered without manufacturing delay and provides rapid and durable responses. It also reduces the cumulative treatment burden by enabling outpatient management and extended dosing intervals. Despite these advances, clinically relevant challenges remain. Sustained T-cell activation may result in hypogammaglobulinemia and increased susceptibility to infections, while antigen loss and T-cell exhaustion represent key mechanisms of relapse. Careful monitoring of immune reconstitution and appropriate infection prophylaxis are therefore essential components of MM management. Future therapeutic strategies should emphasize optimal treatment sequencing, evaluation of fixed-duration approaches, and development of multi-antigen targeting platforms to overcome resistance. Achieving durable remission while preserving functional capacity and improving quality of life has become an important goal in the treatment of MM. "
42419880,Secondary peripheral T-cell lymphoma in a patient with DLBCL harboring,We describe a case of secondary peripheral T-cell lymphoma (PTCL) arising from infused CD19/CD22-4-1BB-CD3ζ-lenti bispecific chimeric antigen receptor (CAR)-T cells in a patient with relapsed or refractory B-cell lymphoma who carried a pathogenic germline 
42419879,UDP-glucuronate decarboxylase 1 promotes tumor immune evasion by accelerating KMT2D loss in hepatocellular carcinoma.,"Immune checkpoint blockade (ICB) targeting the programmed cell death 1 (PD-1)/programmed cell death ligand 1 (PD-L1) axis has shown promise in hepatocellular carcinoma (HCC), but clinical responses are often limited in durability. Identifying novel drivers of immune evasion is crucial for improving therapeutic strategies. We employed a multi-omics integrative framework to identify HCC-specific immune biomarkers. Functional roles were validated using in vitro and in vivo models, including UDP-glucuronate decarboxylase 1 (UXS1) knockout/overexpression, co-culture assays, and various mouse models. Molecular mechanisms were dissected using immunoprecipitation coupled with mass spectrometry, ubiquitination assays, chromatin immunoprecipitation, luciferase reporter assays, and single-cell RNA sequencing. We identified the glycosyltransferase UXS1 as a novel immune-related prognostic hub gene in HCC. UXS1 was upregulated due to copy number gain and MZF1-driven promoter hypomethylation. Functionally, UXS1 promoted HCC malignancy independently of its canonical enzymatic activity. Mechanistically, UXS1 interacted with the E3 ligase F-box and WD repeat domain-containing 7 (FBXW7) to promote histone-lysine N-methyltransferase 2D (KMT2D) ubiquitination and degradation. We further discovered that KMT2D, acting as a non-catalytic scaffold, recruited the transcriptional repressor CCAAT enhancer binding protein beta (CEBPB) to the PD-L1 promoter to maintain its repression. UXS1-mediated KMT2D degradation disrupted this complex, leading to CEBPB dissociation and consequent PD-L1 transcriptional derepression. In vivo, UXS1 suppressed CD8 This study defines a novel UXS1-KMT2D-CEBPB-PD-L1 signaling axis, revealing how UXS1 drives immune evasion in HCC via epigenetic reprogramming. Targeting this axis may represent a potential strategy to overcome immune resistance, warranting further clinical investigation. "
42419878,Unbiased avidity-based isolation of antigen-specific T cells.,"Cancer immunotherapies have significantly improved treatment efficacy and patient survival by exploiting antigen-specific T cells to eliminate cancer cells. However, current approaches for identifying and isolating antigen-specific T cells typically require prior knowledge of target antigens, limiting discovery, and reducing the ability to consistently detect rare tumor-reactive T cells. We therefore sought to develop an unbiased platform for the identification and enrichment of antigen-specific T cells using naturally processed and presented tumor antigens. We developed ATTACH (Assessment of T cells Tethered to Antigen Class I Histocompatibility), a microfluidic platform that applies controlled shear stress and leverages tumor cells as a natural source of endogenous major histocompatibility complex (MHC)-peptide complexes to isolate antigen-specific T cells based on MHC/peptide binding avidity. ATTACH was evaluated in both human and mouse systems for its ability to enrich rare tumor-reactive T-cell populations and deplete bystander virus-specific T cells. ATTACH resulted in up to a 10-fold enrichment of antigen-specific T cells across both human and mouse systems, enabling the isolation of clonotypes present at frequencies as low as 0.1%. In addition to enriching rare tumor-reactive T cells, ATTACH efficiently depleted virus-specific bystander T cells. ATTACH provides a streamlined and unbiased approach for the rapid identification and isolation of antigen-specific T cells, and may facilitate the optimization of cellular therapies for the treatment of solid tumors. "
42419675,"CD47/SIRPα Axis in Cancer Immunotherapy: Mechanisms, Regulation, and Therapeutic Strategies.","The CD47/SIRPα axis functions as a critical ""don't eat me"" signaling pathway that enables tumor immune evasion by inhibiting macrophage-mediated phagocytosis. Although therapeutic blockade of this pathway holds significant promise for cancer immunotherapy, achieving an optimal balance between antitumor efficacy and on-target hematotoxicity, particularly anemia, remains a major clinical challenge. This comprehensive review synthesizes recent advances in our understanding of CD47 biology, including transcriptional and post-translational regulation, crosstalk with other signaling pathways, and innovative therapeutic strategies for safely targeting this innate immune checkpoint. We highlight emerging evidence that CD47 functions beyond its canonical role as a phagocytosis checkpoint, including its roles in regulating the tumor microenvironment and T-cell dysfunction. Finally, we discuss the development of next-generation CD47-targeting agents, including tumor-selective bispecific antibodies, peptide inhibitors, and combination regimens designed to maximize therapeutic efficacy while minimizing systemic toxicity. "
42419590,Beyond Conventional CARs: Expanding the Targetable Antigen Landscape in CAR-T Cell Therapy.,"Chimeric antigen receptor (CAR)-T cell therapy has emerged as a central pillar of immunotherapy, with astonishing achievements in the treatment of CD19-positive B cell malignancies and multiple myeloma. In recent years, substantial efforts have been made to translate CAR-T cell therapy into other hematologic malignancies, solid tumors, and also non-malignant disorders, such as autoimmune diseases. Nonetheless, several challenges constrain the broader application of CAR-T cell therapy. Conventional CARs can only recognize extracellular protein antigens, which severely limits the range of targetable antigens. Moreover, extracellular disease-associated proteins are often shared with healthy cells, increasing the risk of on-target, off-tumor toxicities. Consequently, expanding the targetable antigen repertoire in parallel with reducing off-tumor toxicities has become a focus of current research. This review aims to provide a comprehensive overview of recent advances in the design of innovative CAR architectures to expand the targetable antigen landscape. In this regard, we discuss innovative CARs in four main categories: I) peptide-MHC-targeting CARs capable of recognizing intracellular proteins; II) Ultra-precision CARs capable of recognizing pathogenic cells while sparing healthy counterparts; III) Ligand/receptor-based CARs; IV) Non-protein antigen-targeting CARs. "
42419461,Editorial: Immunotherapy in the view of microbiome.,
42419329,Systemic light chain and transthyretin amyloidosis-treatment advancements and future directions.,"Once rapidly fatal, neglected, and orphan diseases without approved therapeutic options, systemic amyloidoses are now highly treatable. Basic scientific discoveries regarding the molecular mechanisms of transthyretin misfolding and aggregation have driven the development of drugs for the treatment of transthyretin (ATTR) amyloidosis, with six novel therapies approved since 2018. The combination of daratumumab, cyclophosphamide, bortezomib, and dexamethasone was approved for the treatment of light chain (AL) amyloidosis in 2021. Since then, highly effective immunotherapies, such as bispecific T-cell engagers, have been tested in clinical trials in patients with relapsed AL amyloidosis, with unprecedented efficacy. Thus, suspicion of systemic amyloidosis should be raised early in individuals with a suggestive clinical presentation, followed by rapid tissue diagnosis, with appropriate protein typing and prompt commencement of active therapy. These rapid and exciting therapeutic advancements set the stage for this Review on the epidemiology, pathophysiology, and diagnosis of systemic amyloidosis. Through the lens of the molecular mechanisms underlying amyloidosis pathogenesis, we will focus on approved and investigational therapies. We also discuss future directions and challenges concerning a cure for patients with AL or ATTR amyloidosis. "
42419189,Identification and verification of immunogenic cell death-related signatures derived from bone metastasis of prostate cancer based on multi-omics and machine learning algorithms.,"Prostate cancer (PCa) is a prevalent urological malignancy in men, with bone metastasis occurring in the majority of patients, often leading to poor clinical outcomes. Despite its clinical significance, reliable prognostic biomarkers for metastatic PCa remain limited. Immunogenic cell death (ICD), a regulated form of cell death, has emerged as a key modulator of the tumor immune microenvironment (TIME) and a potential determinant of the immunotherapy response. However, the functional role of ICD in PCa progression, particularly in bone metastasis, remains poorly understood. This study aimed to elucidate the prognostic implications of ICD in PCa and develop an ICD-correlated signature (ICDCS) model to improve risk stratification and therapeutic decision-making. We developed the ICDCS model by integrating multi-omics data, including single-cell transcriptomics, and leveraging computational approaches, such as AddModuleScore, WGCNA, ssGSEA, and 10 machine-learning algorithms (with 98 combinations). Its diagnostic and prognostic performances were rigorously assessed in the training cohort and two independent validation sets, offering a clinically applicable tool for outcome prediction. To gain deeper insights into prognostic features, we performed functional enrichment, immune infiltration, and immunotherapy response analyses. Additionally, we evaluated differential responses to immunotherapy across risk subgroups and identified potential personalized therapeutics. Finally, the vitro experiment validation of the key genes further strengthened the reliability of our findings. By integrating single-cell and bulk transcriptomic datasets, we identified 49 ICD-related genes, including nine linked to disease-free survival. By using genes common to both the training and validation sets, the final 8 key genes (MBNL1, IRAK3, CD59, LPP, TACC1, PRNP, CDC42EP3, and MYADM) were incorporated into 98 machine-learning computational frameworks for constructing ICDCS, and the Enet [α = 0.3] algorithm was finally chosen to build the model. In vitro validation confirmed the reduced expression of all eight genes in PCa cells, which was consistent with their putative protective roles. The ICDCS model exhibited robust prognostic accuracy for both the clinical outcomes and pathological features. Risk stratification based on ICDCS scores revealed distinct biological pathways, mutational profiles, and TIME characteristics between subgroups. Notably, patients in the high-risk subgroup showed an enhanced responsiveness to immunotherapy. In this study, we developed an ICDCS for PCa bone metastases. This model provides a valuable tool for characterizing TIME in metastatic PCa and demonstrates significant clinical utility for prognostic assessment and prediction of immunotherapy response. "
42419183,Genetically programmed engineered nanodevices trigger cascade reinforcement between AMPK and cGAS-STING activation for colon cancer sonoimmunotherapy.,"Immune checkpoint blockade (ICB) has shown clinical promise in cancer immunotherapy, but colorectal cancer (CRC) remains difficult to treat due to a complex immunosuppressive tumor microenvironment (TME). This TME features dysregulated CD47/SIRPα and PD-1/PD-L1 pathways, T cell exhaustion, and infiltration of immunosuppressive cells. Therefore, novel strategies to reshape TME are critically needed. Here we developed bioinspired nanodevices (SPCM@DMgTi-ADM) for CRC immunotherapy. These nanodevices consist of dendritic titanium-magnesium nanoparticles (DMgTi) that serve as both a sonosensitizer and a carrier for aldometanib (ADM). The nanoparticles are coated with genetically engineered membranes displaying SIRPα and PD-1 decoy receptors (SPCM). This design achieves cascade reinforcement between AMP-activated protein kinase (AMPK) activation and cGAS-STING activation. The SPCM coating simultaneously blocks SIRPα/CD47 and PD-1/PD-L1 axes, preliminarily reshaping the TME. Released Mg "
42419181,"Gut microbiota regulating programmed cell death: Impacts on cancer immunotherapy, mechanisms, therapeutic responses and intervention strategies.","Cancer is one of the leading causes of death worldwide, with millions of new cases and fatalities annually, imposing a heavy burden on global healthcare systems. Among the factors influencing antitumor efficacy, the host gut microbiota-a dynamic and modifiable ecosystem-has emerged as a research hotspot. Substantial evidence demonstrates that the gut microbiota and its interactions with the host immune system profoundly affect tumor progression and responses to antitumor therapy. This may be attributed to the gut microbiota's ability to influence programmed cell death (PCD) and regulate key immune signaling pathways, making it a critical determinant of cancer treatment outcomes. This review systematically summarizes the core mechanisms by which the gut microbiota regulates PCD to influence cancer, analyzes key molecular pathways, and summarizes novel strategies for enhancing cancer therapy efficacy based on gut microbiota modulation. It aims to provide a theoretical basis and research direction for reducing treatment resistance and optimizing personalized treatment regimens. "
42419164,omitting neck dissection in cT3-4N0M0 oral squamous cell carcinoma with Imaging-Negative nodes after neoadjuvant chemoimmunotherapy: A retrospective cohort study.,"To retrospectively analyze oncologic and prognostic outcomes among cT3-4N0M0 oral squamous cell carcinoma (OSCC) patients with post-neoadjuvant imaging-negative cervical lymph nodes, stratified by whether cervical lymph node dissection (CD) was performed after PD-1 inhibitor combined with TP neoadjuvant immunotherapy. This retrospective study included cT3-4N0M0 OSCC patients treated at Sun Yat‑sen University Cancer Center (Oct 2019-Jul 2023) with 3-4 cycles of neoadjuvant immunotherapy. All underwent extended primary tumor resection and postoperative concurrent chemoradiotherapy, and were divided into CD group (n = 30) and non-CD (NCD) group (n = 28) based on whether CD was performed. cervical lymph node control rate. Secondary endpoints: disease‑free survival (DFS) and overall survival (OS). Kaplan‑Meier and Cox regression were used. A total of 58 patients with cT3-4N0M0 OSCC who received PD-1 inhibitor + TP were included, median follow‑up was 38 months. The 36‑month cervical lymph node control rate was 93.21% (CD) vs 85.43% (NCD) (HR = 2.14, 95%CI 0.43-10.61, P > 0.05). 36‑month DFS: 82.11% vs 70.59% (HR = 1.26, 95%CI 0.42-3.76, P > 0.05). 36‑month OS: 86.67% vs 87.05% (HR = 0.61, 95%CI 0.15-2.48, P > 0.05). Subgroup analyses showed no significant survival benefit of CD across age, sex, ECOG PS, neoadjuvant response, or T stage. In cT3-4N0M0 OSCC patients with post‑neoadjuvant imaging‑negative cervical nodes (short‑axis diameter < 10 mm, no suspicious nodes), omitting CD may not lead to a meaningful elevation in cervical recurrence risk or compromise DFS/OS. "
42419156,The cancer/testis antigens represent promising targets for the development of new therapies against melanoma.,"Melanoma treatment has evolved substantially over recent decades, incorporating targeted therapies and immunotherapy alongside conventional approaches such as surgery, chemotherapy, and radiotherapy. Despite these advances, achieving high tumor specificity while minimizing off-target toxicity remains a major clinical challenge. In this context, Cancer-Testis Antigens (CTAs) have emerged as highly promising immunotherapeutic targets due to their predominant expression in malignant cells, strong immunogenicity, and functional involvement in tumor progression and survival. Therefore, this review aims to critically analyze the immunogenic and oncogenic potential of CTAs, synthesize current preclinical and clinical evidence across distinct CTA subfamilies, and highlight innovative CTA-based immunotherapeutic strategies for the treatment of melanoma. Increasing evidence indicates that CTAs play critical roles in maintaining tumor cell viability, genomic stability, and immune evasion, thereby offering unique opportunities for the development of highly specific anticancer therapies. Preclinical and clinical studies evaluating vaccines based on single or multiple CTAs, in combination with chemotherapeutic agents, adoptive T-cell therapies, and immune checkpoint inhibitors have demonstrated encouraging outcomes, particularly involving MAGE (melanoma-associated antigen), New York esophageal squamous cell carcinoma 1 (NY-ESO-1), and preferentially expressed antigen in melanoma (PRAME). Nevertheless, several biological and translational challenges remain. In this scenario, the future success of CTA-based therapies will depend on a deeper understanding of their molecular mechanisms, intratumoral expression heterogeneity, and immunological interactions, as well as on the rational design of combinatorial and personalized therapeutic approaches. "
42418966,"Management of critically ill cancer patients. Expert consensus statement of the ""Intensive Care for Hematology and Oncology Patients"" (iCHOP) Working Group of the German Society of Hematology and Oncology (DGHO), Austrian Society of Hematology and Oncology (OeGHO), German Society for Medical Intensive Care Medicine and Emergency Medicine (DGIIN), and Austrian Society of Medical and General Intensive Care and Emergency Medicine (ÖGIAIN).","Cancer remains a leading global cause of death, with critically ill cancer patients constituting a substantial proportion of ICU admissions. Historically restrictive ICU admission policies have shifted due to advances in oncology and critical care, leading to declining mortality. However, managing critically ill cancer patients remains complex, requiring collaboration between hematologists/oncologists and intensivists. Emerging evidence on risk assessment, organ support, and tailored critical care underscores the need for updated guidance. This consensus statement provides evidence-based, multidisciplinary recommendations to standardize best practices while allowing for individualized care, aiming to improve survival and quality of life in this high-risk population. "
42420241,Switching tumor-derived extracellular vesicles off and on via targeted proteolysis to shift toward immunogenic phenotypes.,"Despite compelling evidence that tumor-derived extracellular vesicles (TEVs) exhibit either pro- or antitumorigenic phenotypes, pharmacological efforts have focused primarily on their indiscriminate suppression. Here, we propose a strategy of ""switching TEVs off and on"" to redirect them toward an immunogenic phenotype. Designed as a nanoproteolysis-targeting chimera (Nano-PROTAC) for TEV reprogramming, EVOTAC is composed of tripartite building blocks that integrate a PROTAC and a photosensitizer via a cancer biomarker-responsive cleavable linker and spontaneously self-assemble into supramolecular nanostructures. Upon biomarker-guided activation preferentially in tumors over normal tissues, EVOTAC initially eliminates TEVs by selectively degrading intracellular proteins involved in extracellular vesicle (EV) biogenesis. Subsequent localized laser irradiation reactivates EV generation, prompting tumor cells to predominantly produce immunogenic TEVs in response to photodynamic therapy (PDT). TEVs generated through this switching-off-and-on strategy independently exert pleiotropic effects by inhibiting tumor growth, migration, and metastasis while increasing mature dendritic cells and cytotoxic T lymphocytes in lymphoid organs and tumor tissues. This TEV-toggling process, therefore, significantly enhances both innate and adaptive immune responses to photoimmunotherapy, which leads to a complete regression of triple-negative breast cancer (TNBC) and prevents metastasis and recurrence. Our study highlights the potential of this therapeutic approach for precise TEV modulation and encourages further exploration, adding new breadth to the growing list of EV-targeting cancer immunotherapy concepts. "
42420203,Hyperacute Progression of Sinonasal NUT Carcinoma After Pembrolizumab-Based Treatment: A Case Report.,"This case report describes hyperacute destructive progression of sinonasal NUT carcinoma with new osseous metastasis shortly after pembrolizumab-based immunochemotherapy. The clinical course highlights the importance of early NUT testing, proactive systemic surveillance, cautious interpretation of immunotherapy response, and timely consideration of BET inhibition or clinical trial referral. "
42419740,TOP1MT rs2293925 is an enhancer-active regulatory SNP that shapes mitochondrial R-loop dynamics.,"Mitochondrial topoisomerase 1 (TOP1MT) regulates mitochondrial DNA (mtDNA) topology during transcription and replication. Perturbed mtDNA maintenance and RNA metabolism have been implicated in neurodegenerative disorders, including amyotrophic lateral sclerosis (ALS). Here we show that the common TOP1MT variant rs2293925 (R525W) has enhancer-like activity and is associated with increased mitochondrial R-loops (RNA : DNA hybrids). Tissue-dependent expression, quantitative trait locus analysis, chromatin-state annotation, reporter assays, and allele-specific DNA-protein binding assays support a transcriptional regulatory role for rs2293925. In isogenic cell models, rs2293925 increased TOP1MT mRNA and protein abundance, and this was accompanied by increased mitochondrial R-loop signal. TOP1MT trapping with lamellarin D supported increased TOP1MT-R525W occupancy at mitochondrial control region sites together with enhanced R-loops, consistent with altered TOP1MT-mtDNA interaction and/or increased TOP1MT abundance. Elevated mitochondrial R-loop signal was also detected in a pilot cohort of sporadic ALS samples carrying rs2293925 and in neural stem cells derived from C9orf72-positive ALS patients. These data support a dual-effect model in which rs2293925 increases TOP1MT expression and is associated with altered mitochondrial R-loop dynamics, linking common genetic variation to mitochondrial nucleic acid stress in disease-relevant contexts. "
42419530,Advances in Diagnosis and Treatment of Intracranial Germ Cell Tumors and Future Directions.,"Intracranial germ cell tumors (IGCTs) are a group of malignant central nervous system (CNS) tumors primarily affecting children and adolescents, whose pathogenesis remains incompletely understood. The embryonic cell theory suggests that IGCTs may originate from pluripotent embryonic cells that escape normal migration and differentiation during embryonic development. Research indicates that DNA hypomethylation, abnormalities in the MAPK and/or PI3K signaling pathways, and chromosomal abnormalities play significant roles in the development and progression of IGCTs. Diagnosis relies on a comprehensive evaluation of clinical presentation, tumor markers, and imaging studies, ultimately confirmed by histopathology. In recent years, novel biomarkers in serum and cerebrospinal fluid, such as microRNAs (miRNAs) and circulating tumor DNA (ctDNA), have gained increasing attention for their diagnostic and prognostic value. Current treatment predominantly relies on surgery, radiotherapy, and chemotherapy, though the optimal radiation field and dose remain controversial. With a deepening understanding of molecular drivers and the tumor microenvironment, targeted therapy and immunotherapy are gradually being applied clinically. As the survival rate of patients with IGCTs improves, we are also confronted with new clinical challenges: how to minimize treatment-related long-term sequelae while maintaining excellent therapeutic outcomes, and improve the prognosis for refractory non-germinomatous germ cell tumors (NGGCTs). This review summarizes recent advances in genetic variation, diagnosis, and treatment of IGCTs, serving as a reference for exploring personalized therapeutic strategies, reducing treatment-related toxicity, and improving long-term prognosis. "
42418986,Development and clinical application of a primary cancer organoid-PBMC co-culture system for personalized immunotherapy.,"Many patients with non-small cell lung cancer (NSCLC) do not derive clinical benefit from immune checkpoint inhibitors (ICIs), and a reliable method for identifying potential responders is lacking. This study aims to establish an optimized patient-derived organoids (PDOs) culture system and develop a novel organoid-peripheral blood mononuclear cell (PBMC) co-culture platform to evaluate response to ICIs. We optimized culture conditions for patient-derived NSCLC organoids by integrating conditional reprogramming techniques. ICIs response was assessed with an organoid-PBMC co-culture system. The accuracy of this ex vivo system was validated by comparing its results with efficacy of ICI therapy in both an in vivo humanized mouse xenograft model and the corresponding patient's clinical response. Moreover, the genomic stability of the organoids during serial passaging was monitored through gene sequencing. An optimal indirect co-culture system was established, culturing organoids with 25% Matrigel. This system consisted of 40 Gy-irradiated Swiss 3T3-J2 fibroblasts in an upper chamber and primary NSCLC cells in a lower chamber, using F-medium (DMEM/F-12 (3:1, v/v) + 10 µM Y-27632) supplemented with 0.5 µM A83-01. This method achieved an 85.59% (95/111) success rate. Using this platform, we evaluated PD-1 antibody efficacy with the organoid-PBMC co-culture system in 70 cases. For in vivo validation, a direct patient-derived organoid xenograft (PDOX) models were established in humanized mice reconstituted with the corresponding patient's PBMCs. Notably, the ex vivo results demonstrated a strong correlation with both the in vivo validation data and patients' actual clinical responses to ICIs, yielding a sensitivity of 100% and a specificity of 62.20%. We developed a novel, simple, rapid and reliable organoid-PBMC co-culture system for screening the response of NSCLC patients to ICI therapy. "
42418861,Generation of three induced pluripotent stem cell lines from an immune checkpoint inhibitor-induced myocarditis patient and controls.,"Immune checkpoint inhibitor-associated myocarditis (ICIM) is an uncommon but potentially fatal inflammatory heart disease triggered by cancer immunotherapy, with up to 40% mortality. The underlying mechanisms are still elusive, partly due to the lack of appropriate human disease models. Here, we report the generation of three induced pluripotent stem cell (iPSC) lines derived from an ICIM patient, an ICI-treated patient without myocarditis, and a healthy donor. These lines exhibit typical pluripotent stem cell morphology, express pluripotency markers, maintain normal karyotypes, and differentiate into derivatives of the three germ layers, providing a valuable platform for mechanistic studies and therapeutic discovery. "
42418568,"In vivo engineering tumor cells to a universal ""all-in-one"" cancer vaccine with full antigen spectrum.","Cancer vaccines offer a promising strategy to initiate de novo T cell responses or enhance existing ones, either functioning independently or synergizing with T cell-modulating therapeutics to reduce tumor burden. The clinical development of cancer vaccines faces challenges such as limited antigen coverage, insufficient antigen presentation, immune suppressive microenvironment, and the availability of personalized vaccines. In this study, we developed a universal ""all-in-one"" cancer cell-derived vaccine (UniCVac) with comprehensive antigen spectrum coverage by programming tumor cells into antigen-presenting cells (APCs) through the codelivery of CIITA, NLRC5, CD80, and IL-2. This reprogramming mimics the professional APC phenotype, providing simultaneous HLA-I and HLA-II antigen presentation, costimulation, and T cell proliferation signals. These tumor-derived UniCVac can directly activate both CD4 "
42418483,mRNA lipid nanoparticle cancer vaccine platform delivering multiple STING activators for enhanced antitumor activity.,"mRNA-based cancer vaccines offer a modular and safe platform to elicit antitumor immunity, yet their efficacy is often limited by inefficient mRNA delivery and inadequate dendritic cell (DC) activation, both of which are essential for initiating robust cytotoxic T cell responses. Inadequate innate immune activation coupled with poor antigen presentation further diminishes their effectiveness, particularly in immunologically ""cold"" tumors. While stimulator of interferon genes (STING) agonists can enhance DC maturation and cross-presentation, their therapeutic utility is constrained by poor intracellular delivery and limited colocalization with tumor antigens. In this study, we developed a lipid nanoparticle (LNP) platform via high-throughput screening of ionizable lipids for potent mRNA delivery to DCs both in vitro and in vivo. To amplify immune activation, we coencapsulated the STING agonists c-di-AMP (AMP) and manganese (Mn "
42418409,Identification of the oxidation stress-related gene signatures and functional verification of MINK1 in prostate cancer cells.,"A major challenge facing prostate cancer (PCa) cells is oxidative stress, yet the precise role and underlying mechanisms remain inadequately elucidated. The study sought to investigate the association between oxidative stress and PCa prognosis, as well as to identify potential regulatory pathways involved. Oxidative stress-related genes and data were sourced from the Genecards, TCGA-PRAD, and GSE16560 databases. A risk model was developed using machine learning, including random forest and LASSO analyses. Survival analysis, functional and immune infiltrate analysis, as well as immunotherapy analysis were performed. The expression of MINK1 was examined, and the effects of MINK1 silencing on cell biological activities (including proliferation, migration, and invasion) were investigated, alongside analyses of MINK1-related pathways. Four genes (BCO1, MINK1, TAF1C, and MIS18BP1) were identified and utilized to develop an oxidative stress-risk score (OS-score). The high-OS-score predicted a poor prognosis, and OS-score was an independent prognostic factor for PCa. The OS-score demonstrated a positive correlation with CD8 + T cells, activated CD4 + T cells, and macrophages. Patients classified within the high-OS-score group were more effective in anti-PD-1 therapy (Nominal P = 0.001, Bonferroni corrected P = 0.011). A significant disparity was observed in the efficacy of immune checkpoint inhibitor treatment between the high- and low-OS-score groups (P = 1.1 × 10-9), with a higher proportion of responders in the high-OS-score group compared to non-responders. The key oxidative stress gene, MINK1, was experimentally validated and found to be highly expressed in PC-3 and DU145 cell lines. Silencing MINK1 resulted in decreased proliferation, migration, and invasion activity. Additionally, MINK1 knockdown induced G0/G1 phase arrest and inhibited nuclear translocation of NF-κB. In summary, oxidative stress is associated with a poor prognosis in PCa. Oxidative stress-related gene MINK1 may regulate the cell biological activity through cell cycle and NF-κB signaling pathway. This study may provide new clues for the identification and development of new markers for the diagnosis and prognosis of PCa patients. "
42418388,TNFRSF17 genomic profiling guides retreatment with alternative BCMA-directed immunotherapies in multiple myeloma.,
42418282,"Targeted CysLTR1 Blockade Rescues Myeloid-Mediated Resistance to Immune Checkpoint Inhibition in Solid Malignancies: A Combined Genomic, Emulated Clinical Trial, and Epidemiological Negative-Control Analysis.","Myeloid-driven inflammation contributes to resistance to immune checkpoint inhibitors (ICIs) in solid tumors, partly through neutrophil-mediated immunosuppressive mechanisms. Experimental evidence suggests cysteinyl leukotriene receptor 1 (CysLTR1) signaling promotes tumor-supportive myelopoiesis. We evaluated whether pharmacologic CysLTR1 blockade with montelukast could mitigate myeloid-mediated resistance to anti-PD-1 immunotherapy. A triangulated translational framework was applied using 3 independent data sets. First, CYSLTR1 and ELANE transcript expression were analyzed in The Cancer Genome Atlas (TCGA; n=9907). Second, a propensity-matched emulated clinical trial was conducted in the Mount Sinai TriNetX network, comparing pembrolizumab plus montelukast versus pembrolizumab alone in advanced solid malignancies (n=70 per arm). Third, a negative-control analysis was performed in UK Biobank cancer patients (n=19,443) using multivariable Cox proportional hazards models. High concurrent CYSLTR1 and ELANE expression was associated with significantly poorer long-term survival in TCGA (P<0.0001). In TriNetX, concurrent montelukast exposure was associated with improved overall survival during pembrolizumab treatment (HR=0.505; 95% CI: 0.256-0.995; P=0.0441). In the UK Biobank, baseline neutrophil-to-lymphocyte ratio independently predicted mortality, but montelukast showed no survival interaction (P=0.957), supporting immunotherapy-specific rather than generalized oncologic benefit. CysLTR1 blockade with montelukast may represent a low-cost companion strategy to overcome myeloid-mediated ICI resistance. These findings support prospective validation of combined anti-PD-1 and anti-CysLTR1 therapy in advanced solid tumors. "
42418125,"Phytochemicals remodel antitumor immunity via the ""microbiota-metabolite-receptor"" axis: focus on colorectal cancer and immunotherapy.","Colorectal cancer (CRC) is a malignancy with high mortality. Due to the suppressive state of the tumor immune microenvironment (TIME), approximately 95% of microsatellite-stable (MSS) or proficient mismatch repair (pMMR) cases exhibit poor responsiveness to immune checkpoint inhibitors (ICIs). According to research, immune cell function can be regulated by gut microbiota and their metabolites via receptor-mediated pathways. They act as critical extrinsic factors in modulating the TIME and enhancing the efficacy of ICIs. Therefore, we systematically summarize the immunological mechanisms mediated through gut-specific metabolites (short-chain fatty acids, secondary bile acids, indole derivatives) and their cognate receptors (GPR41/43, GPR109A, FXR, TGR5, AhR). We further discuss how phytochemicals, after microbial transformation, modulate immune cells via the ""microbiota-metabolite-receptor"" axis. Key examples of such compounds include polysaccharides, saponins (and triterpenes), polyphenols, and alkaloids, which influence cells like Tregs, Th17, and CD8⁺ T cells. Simultaneously, we analyze the different effects of CRC-specific microbiota and the interventional potential of phytochemicals, while evaluating synergistic treatment possibilities between CRC and ICIs, chemotherapy, anti-angiogenic therapy, and radiotherapy. We propose a verifiable framework for stratification mechanisms of ""phytochemicals-microbiota-metabolites-receptors-immune system-TIME-ICIs"", and emphasize its potential application in MSS CRC immunotherapy to provide novel insights for precision treatment of CRC. "
42418071,Combinatorial cancer therapy mediated by hydroxyapatite nanoparticles: a comprehensive review.,"Hydroxyapatite nanoparticles (HANPs) have emerged as versatile and biocompatible platforms in cancer nanomedicine, offering multifunctional roles in drug delivery, imaging, and combinatorial therapy. Their structural similarity to bone apatite, tunable surface chemistry, and ion substitution capability enable precise functionalization for targeted and sustained drug release. This review provides a comprehensive overview of HA-mediated combinatorial cancer therapies, emphasizing their role as drug carriers, photothermal agents, and immunomodulators. The integration of HANPs with chemotherapeutic drugs, immunotherapy, photothermal and photodynamic therapy, and trace-element doping has shown significant synergistic effects enhancing antitumor efficacy while minimizing systemic toxicity. Furthermore, HANPs have demonstrated promise as theranostic agents by combining therapeutic and diagnostic functions through multimodal imaging techniques, including MRI, fluorescence, and PET/SPECT. Collectively, these advances underscore HANPs as intelligent, biocompatible nanoplatforms capable of simultaneous diagnosis and therapy. Despite remarkable preclinical progress, future studies must address scalability, long-term biosafety, and clinical translation to realize their potential in precision oncology fully. "
42417955,Targeting Campylobacter infection using nano-azurin: innate immune reprogramming and anticancer implications.,"Nano-azurin is redox-active protein has recently attracted attention as potential multifunctional therapeutics, primarily in infectious disease and cancer. This review highlights its potential against Campylobacter spp., including antibiotic resistant variants, in addition to anticancer properties. Campylobacteriosis is a serious public health problem worldwide because of its zoonotic potential and the increasing antimicrobial resistance (AMR) rates as well as its relationship with gastrointestinal carcinogenesis. Nano-azurin not only affects microbial viability and biofilm formation, but also stimulates host immune responses. In cancer settings, it specifically binds to neoplastic cells inducing apoptosis and preventing tumor growth. In particular, a nanoformulation can enhance the stability of the drug, its bioavailability and its selective delivery by lowering systemic toxicity. Moreover, nano-azurin regulates innate immunity functions contributing to the elimination of pathogens and the immune surveillance of tumours. The dual-action profile is promising, though several obstacles with respect to large-scale manufacturing, pharmacokinetics behaviours and clinical translation are important. In summary, nano-azurin is a new nanobiotherapeutic platform at the cross between antimicrobial therapy and cancer immunotherapy, which shows great promise for treatment of malignancies related to infections. "
42417858,Real-world treatment patterns and early outcomes in advanced intrahepatic cholangiocarcinoma: a descriptive case series.,"Intrahepatic cholangiocarcinoma (ICC) has a poor prognosis, with 70-80% of patients presenting advanced/metastatic disease. Conventional first-line chemotherapies have limitations, and targeted-immunotherapy combinations need real-world validation. This retrospective, single-center case series enrolled 12 advanced ICC patients to describe the real-world clinical characteristics, treatment patterns which including lenvatinib-based targeted-immunotherapy with or without Transarterial Interventional Therapies (TAIT) and conventional chemotherapy, as well as early efficacy and safety outcomes; and to generate preliminary hypotheses for subsequent prospective studies, without any intention to compare the efficacy of different regimens. Among the 12 patients, objective response rate was 33.3%, and disease control rate 83.33%. Nine received lenvatinib + PD-1/PD-L1 inhibitors (targeted-immunotherapy group), and 3 received systemic chemotherapy. Among patients receiving lenvatinib + PD-1/PD-L1 inhibitors, 22.22% experienced grade ≥ 3 treatment-related adverse events (TRAEs) with a median treatment duration of 9.0 months; among patients receiving conventional chemotherapy, 66.7% experienced grade ≥ 3 TRAEs with a median treatment duration of 19.0 months. Early TAIT (≤ 2 weeks) was associated with higher tumor reduction (mean 30.52 vs. 7.69% for non-early), which may help alleviate tumor-related symptoms in patients with high initial tumor burden. Baseline CA19-9 and albumin/globulin ratio showed exploratory potential associations with treatment efficacy without formal statistical analysis; larger initial diameter correlated with better response. This study describes that lenvatinib + Immune Checkpoint Inhibitors (ICIs) combined with early TAIT may be a feasible multimodal strategy used in real-world practice for advanced ICC, with preliminary observations of feasibility. Limitations include small single-center sample and short follow-up. The high heterogeneity of treatment regimens may also limit the comparability of efficacy and safety. Larger prospective studies are needed. "
42417627,"Celldetective, an AI-enhanced image analysis tool for unraveling dynamic cell interactions.","Analysis of multimodal and multidimensional data capturing dynamic interactions between diverse cell populations is a current challenge in bioimaging, especially in the context of immunology and immunotherapy research. Here, we introduce Celldetective, an open-source Python-based software tool designed for high-performance end-to-end analysis of image-based in vitro immune and immunotherapy assays. Celldetective is purpose-built for multicondition, 2D multi-channel time-lapse microscopy of mixed cell populations. Although it is optimised for the needs of immunology assays, it is nevertheless broadly applicable to any biological system involving interacting cell populations. The software seamlessly integrates AI-based segmentation, tracking, and automated single-cell event detection, all within an intuitive graphical interface that supports interactive visualisation, annotation, and training options. We showcase its capabilities with original datasets of single immune effector cell interactions with an activating surface mediated by bispecific antibodies and pairwise interactions in antibody-dependent cell cytotoxicity events. "
42417446,Cutaneous Melanoma of the Head and Neck: Contemporary Perspectives on Diagnosis and Management.,"&lt;p&gt;&lt;strong&gt;Introduction:&lt;/strong&gt; Cutaneous melanoma of the head and neck represents a distinct subtype of cutaneous melanoma with unique epidemiological, biological, diagnostic, and therapeutic characteristics. Although it accounts for approximately one-fifth of all cutaneous melanoma cases, it occurs more frequently in older individuals, more often arises in chronically sun-exposed skin, and is associated with a worse prognosis than melanomas at other anatomical sites. This review presents current knowledge on the epidemiology, aetiology, clinical presentation, diagnosis, and treatment of cutaneous melanoma of the head and neck, with particular emphasis on the specific features of this location.&lt;/p&gt;&lt;p&gt;&lt;strong&gt;Aim:&lt;/strong&gt; The aim of this study was to present current diagnostic and treatment strategies for cutaneous melanoma of the head and neck, with particular emphasis on the unique features of this anatomical location.&lt;/p&gt;&lt;p&gt;&lt;strong&gt;Methods:&lt;/strong&gt; This article is a narrative review informed by a structured literature search. The search was conducted in PubMed/MEDLINE, Scopus, and Web of Science, covering publications from January 2014 to March 2026.&lt;/p&gt;&lt;p&gt;&lt;strong&gt;Results:&lt;/strong&gt; Chronic ultraviolet radiation exposure remains the main aetiological factor, acting in conjunction with genetic predisposition and host phenotypic traits. The clinical presentation is diverse and includes both classic pigmented lesions and nodular, amelanotic, and lentigo maligna subtypes, with the latter being particularly common in chronically sun-damaged skin. Diagnosis requires an integrated approach involving clinical examination, dermoscopy, appropriately planned biopsy, and histopathological assessment, with selected cases also benefiting from non-invasive techniques, imaging studies, molecular diagnostics, and artificial intelligence-based tools. Sentinel lymph node biopsy remains a key component of regional staging. Surgical excision is the cornerstone of local treatment, although resection margins in this region often need to be individualised because of functional and aesthetic considerations. In recent years, systemic treatment, especially immunotherapy and targeted therapy, has gained major importance and has significantly improved outcomes in both the adjuvant and advanced disease settings.&lt;/p&gt;&lt;p&gt;&lt;strong&gt;Conclusions:&lt;/strong&gt; Cutaneous melanoma of the head and neck requires multidisciplinary and individualised management, and improved prognosis depends on early diagnosis, accurate staging, and the appropriate use of modern therapeutic strategies.&lt;/p&gt. "
42417409,Elevated circulating lactate in late-stage melanoma patients.,"Highly glycolytic, ""Warburg-like"" tumors consume high concentrations of glucose and excrete similarly high levels of lactate to meet the excessive energy demands of rapidly proliferating cells. Historically, this has been viewed as an energy inefficient process that results in a metabolic waste product which provides little to no benefit to a growing tumor. However, several studies now cumulatively demonstrate that extracellular lactate provides important pro-tumorigenic, pro-metastatic and immune evasive contributions due to its ability to serve as an alternative metabolic substrate and/or a direct histone modifier. To investigate whether late-stage cancer patients have elevated circulating lactate levels and if it correlates to immunotherapy responsiveness. We assayed retrospective and prospective melanoma patient plasmas for plasma metabolites and then stratified to therapeutic responses and correlations to circulating immune cell determinants. 38 chemotherapy/immunotherapy naïve, stage III/IV melanoma patient plasmas-and 10 normal control plasmas-were assayed by kit for circulating lactate, pyruvate, glucose and LDH and then correlated to all therapy and immunotherapy responses. Circulating plasma lactate is elevated in late-stage melanoma patients and statistically correlates with a higher percentage of immune checkpoint blockade (ICB) non-responsiveness and fewer circulating activated CD8+ T cells. Our data additionally show that circulating pyruvate is elevated in late-stage melanoma patient plasmas, strongly correlates with increased circulating lactate and is predictive of ICB non-responsiveness. These studies are in line with previous mouse studies linking elevated lactate to immune evasion processes arising from tumor growth and progression. "
42417266,Harnessing Immunogenic PANoptosis With Iridium(III) Biradical Photosensitizers for Melanoma Photoimmunotherapy.,"The efficacy of photodynamic therapy (PDT) is fundamentally constrained by an intrinsic photophysical trade-off between its two ROS-generating mechanisms. Type I pathways require a strongly reducing excited state to drive electron transfer, whereas type II pathways demand a long-lived triplet state to enable efficient energy transfer to molecular oxygen. Since both originate from the same triplet manifold, optimizing one property inevitably compromises the other, limiting the oxidative potency and broad applicability of conventional photosensitizers within the heterogeneous tumor microenvironment. To overcome this limitation, in this study, the design, synthesis, and biological evaluation of a cyclometalated iridium(III) photoswitchable complex is reported, engineered to undergo photo-induced intramolecular homolytic bond cleavage to generate a transient biradical intermediate. The resulting open-shell species simultaneously consist of a strongly reducing radical intermediate and a quinoid-stabilized long-lived triplet excited state, concurrently activating type I electron-transfer and type II energy-transfer pathways to produce in tandem superoxide, hydroxyl radicals, and singlet oxygen. This synergistic dual-pathway oxidative stress triggers PANoptosis, a coordinated cell-death program concurrently engaging apoptotic, necroptotic, and pyroptotic machinery, and elicits a robust systemic antitumor immune response, establishing intramolecular biradical generation as a compelling molecular design principle for next-generation photodynamic cancer immunotherapy. "
42417107,Depletion of extracellular asparagine impairs self-reactive T cells and ameliorates autoimmunity in a murine model of multiple sclerosis.,"Amino acids play critical roles in the activation and function of lymphocytes. Here we show that the non-essential amino acid, asparagine, is essential for optimal activation and proliferation of CD4 "
42417053,Shared clinical decision-making for vaccination: A view through the lens of mid-adult HPV vaccination.,"In the summer of 2019, the U.S. Advisory Committee on Immunization Practices (ACIP) updated its recommendations for HPV vaccination. The new recommendation regarding adults ages 27-45y (i.e., mid-adults) indicated that a ""shared clinical decision-making"" (SCDM) approach, rather than a routine recommendation, should be used. The Morbidity and Mortality Weekly Report (MMWR) publication that described this SCDM recommendation included specific conditional guidance and considerations for SCDM. However, some aspects of the guidance are vague, and others are inconsistent with SCDM, which could lead to confusion for adult health care providers and ultimately lead to under-vaccination of eligible individuals who would benefit from HPV vaccination. More recently, in the U.S. there have been policy proposals to shift additional vaccine recommendations from routine to SCDM. In this commentary, we briefly outline the ACIP recommendations, provide a clear overview of SCDM, and then offer potential implementation challenges for this guideline. For both unvaccinated adult patients and the providers who serve them, clear guidance on effective SCDM practices for HPV vaccination is an essential component for addressing the prevention of HPV-related disease. Using the context of mid-adult HPV vaccination, we also discuss the implications of SCDM recommendations for other vaccines. "
42417011,STING Activation by Photo-immunogenic Nanophotocages for Synergistic Photoimmunotherapy of Cold Tumor.,"Reversing the immunosuppressive tumor microenvironment (ITME) is a crucial obstacle in the immunotherapy of cold tumor. The STING signaling pathway has shown promise in overcoming the ITME issue. However, reversing ITME via precise activation of the STING signaling pathway remains a significant challenge. In this work, photoresponsive nanophotocages with photoimmunogenic performance were developed for ITME-reversed synergistic photoimmunotherapy of cold tumor. In the photocage design, photoresponsive boron dipyrromethene (BODIPY) was used to link a STING agonist (DMXAA) and then prepared into water-dispersible nanoparticles. The iodinated nanophotocage showed the best photoreaction efficiency and spatiotemporal controllability among the four nanophotocages. Under light irradiation, the iodinated nanophotocages precisely released the STING agonist and triggered immunogenic cell death (ICD) via the photodynamic therapy (PDT) effect, by which the ITME was reversed to enhance the immune checkpoint inhibitor (aCTLA4) immunotherapy. The robust immune response not only achieved primary tumor eradication in 80% of the mice but also significantly inhibited the distant tumor. This work offers a photoimmunogenic photocage for light-controlled STING activation for ITME-reversed cancer photoimmunotherapy. "
42416828,Adverse events associated with targeted therapy and immunotherapy for ovarian cancer: a FAERS pharmacovigilance study.,"The addition of targeted therapy and immunotherapy has significantly improved survival in ovarian cancer patients. This analysis aimed to investigate the adverse events associated with targeted and immunotherapy drugs in patients with ovarian cancer. Adverse event reports related to bevacizumab, poly (ADP-ribose) polymerase (PARP) inhibitors, and immune checkpoint inhibitors (ICI: PD-1, PD-L1, CTLA-4 inhibitors) in ovarian cancer were sourced from the FDA Adverse Event Reporting System (FAERS) database (Q3 2014 to Q3 2025). The disproportionality analysis, including the reporting odds ratio (ROR), proportional reporting ratio (PRR), and Bayesian confidence propagation neural network (BCPNN), was employed to detect safety signals associated with different drugs. A total of 209,920 adverse event reports were included in the analysis, involving 33,538 ovarian cancer patients. Among adverse events associated with the target drug (n = 183,935), 157,470 (85.61%) reports were related to PARP inhibitors, followed by bevacizumab [21,001 (11.42%)], PD-1 inhibitors [3,702 (2.01%)], PD-L1 inhibitors [1,317 (0.72%)], and CTLA-4 inhibitors [425 (0.23%)]. Adverse events are most frequently reported within 30 days of taking the medication. The most frequently reported safety signals at the preferred term level associated with PARP inhibitors included Energy increased, Vitamin D decreased, Nocturia, Intentional underdose, Hunger, and Brain neoplasm. For bevacizumab, the most frequently reported safety signals were Gastrointestinal perforation, Proteinuria, Intestinal perforation, and Embolism. For ICI, the most frequently reported safety signals comprised Product use in unapproved indication, Off label use, Death, and Malignant neoplasm progression. The most frequently reported safety signals linked to combination therapy using different drugs vary. For the combination of bevacizumab and PARP inhibitors, the most frequently reported safety signals included Interstitial lung disease, Myelodysplastic syndrome, Myelosuppression, Acute myeloid leukaemia, and Proteinuria. This study systematically analyzed the safety signals related to different drugs during the treatment of ovarian cancer, which may assist clinicians in identifying drug alert signals. "
42416715,An effective photothermally active titanium-copper nanocomposite for breast cancer therapy.,"Cancer therapy faces several challenges including metastasis, subsequent recurrence and the high susceptibility of immunocompromised patients to secondary bacterial infections. In this study, a copper-doped titanium dioxide nanocomposite (Ti-Cu NC) was developed as a multifunctional photothermal agent for breast cancer treatment. In 4T1 murine breast cancer cells, Ti-Cu NCs induced significant (approximately 3.8-fold increase compared to control) reactive oxygen species (ROS) production, leading to apoptosis and cell death with a synergistic effect observed upon near-infrared (NIR) irradiation (1.5 W cm "
42416515,Advances and Future Expectations in Oncolytic Virus Therapy for Glioblastoma: A Systematic Review of Clinical Trials.,"Glioblastoma (GB), or grade IV astrocytoma, is the most prevalent primary tumor of the central nervous system (CNS). This systematic review aimed to investigate the efficacy and tolerability of virotherapy treatment for recurrent and progressive glioblastoma patients. We also examined recent progress in preclinical and clinical trials, and future perspectives. We developed a search strategy using Medical Subject Headings (MeSH) terms and keywords. Inclusion criteria were English language published and ongoing clinical trials that involved patients undergoing virotherapy for glioblastoma. We searched through PubMed, Embase, Ovid, Scopus, Cochrane databases and https://Clinicaltrials.gov from inception until May 9 Of 975 records screened, 43 studies (24 published, 19 ongoing) enrolled 462 virotherapy patients. Most common adverse events: headache (n=145), fatigue (n=83) and fever (n=78). Risk of bias was moderate to serious in most studies. We encountered several limitations, including high heterogeneity, reporting inconsistencies, and small sample sizes. Most patients experienced disease stabilization. However, objective response and complete remission occurred infrequently. A small proportion of patients achieved long-term survival, suggesting that virotherapy could be effective in specific subgroups. While oncolytic virus therapy is generally tolerated, neurotoxicity remains the most significant risk. Adverse effects were mostly Grade 1-2. Some trials (notably with HSV-1 or NDV) had severe events. Symptoms were often transient and manageable but need closely monitoring. However, the observed heterogeneity, limited data standardisation, and lack of randomized controlled trials, besides tumor heterogeneity, antiviral immunity and immunosuppressive microenvironment, necessitate further research to identify predictive biomarkers and optimize therapeutic protocols. We also suggest further trials on novel delivery methods, such as the nanoparticles, to enhance blood-brain barrier (BBB) penetration. "
42416331,From monoclonal to polyfunctional immunotherapy: Reprogramming CAR-T-cell therapy with oncolytic viruses in B-cell malignancies.,
42416234,Perspectives and preferences on palliative chemotherapy-immunotherapy in gallbladder cancer patients.,"Patients' perspective and preferences about the chemotherapy are not known. This study investigates the perspectives and treatment preferences of Indian gallbladder (GBC) patients. A prospective 18-month study at a tertiary cancer center in Mumbai enrolled patients with histologically confirmed GBC receiving palliative chemotherapy, who were counselled in a structured format regarding disease, treatment options, outcomes and drug costs. Data were collected through structured interviews using quality-of-life and decision-making questionnaires. Descriptive statistics were used to analyse patient responses. A pilot sample of 30 patients was used to assess whether ≥90% prioritise survival as the primary expectation from chemo-immunotherapy. Using an exact one-sided binomial design, ≤23 responses favouring survival would indicate the proportion is <90% and warrant further study. We also evaluated the psychological distress among these patients. Among 30 participants (56.67% female), 83.33% were of advanced stage. Baseline demographics is depicted. Treatment priorities varied: 40% preferred life prolongation, 23.33% favoured symptom relief and 36.67% valued both equally. Financial burden strongly influenced decisions about immunotherapy, only 6.67% were willing to pay ₹35 lakhs out-of-pocket for a 1.5-month gain, while 100% would take treatment if it were government-funded. Emotional distress was significant, with a mean NCCN score of 6.21 ± 1.80. Major concerns included financial strain (42%), fear (45%) and depression (33%). Twenty-three percent of patients favoured only symptom relief as a treatment when they were educated about the outcomes. A larger study is warranted to further consolidate our findings. "
